{
    "action": {
        "min": [
            -35.900001525878906,
            -96.9000015258789,
            -33.400001525878906,
            -65.30000305175781,
            -5.099999904632568,
            -43.099998474121094,
            -20.400001525878906
        ],
        "max": [
            37.900001525878906,
            -0.0,
            -2.5999999046325684,
            16.399999618530273,
            14.399999618530273,
            13.5,
            -9.600000381469727
        ],
        "mean": [
            4.862342357635498,
            -44.87377166748047,
            -14.680684089660645,
            -16.178977966308594,
            7.119863033294678,
            -2.244894027709961,
            -11.721007347106934
        ],
        "std": [
            23.193269729614258,
            38.127845764160156,
            10.637297630310059,
            23.265588760375977,
            4.494888782501221,
            9.381939888000488,
            3.0111842155456543
        ],
        "count": [
            871
        ],
        "q01": [
            -35.602998463766916,
            -96.9000015258789,
            -32.60098781585693,
            -63.29492214202881,
            -4.700866118431091,
            -39.89972087860107,
            -20.400001525878906
        ],
        "q10": [
            -34.9107141494751,
            -92.1112060546875,
            -31.398924827575684,
            -46.0016471862793,
            1.0979130843790565,
            -8.199307632446288,
            -17.99943556352095
        ],
        "q50": [
            9.003648092349371,
            -58.69960021972656,
            -12.902600288391113,
            -22.59541130065918,
            9.10352121080671,
            -1.4995482044835244,
            -11.399411369377459
        ],
        "q90": [
            33.80336227416992,
            -0.006420326958137776,
            -2.800007208234313,
            14.911428833007813,
            11.999353885650635,
            7.307394409179687,
            -9.601113649515005
        ],
        "q99": [
            37.6944296836853,
            -0.0006420326958137788,
            -2.797215646953252,
            16.398284876030612,
            13.898575496673583,
            13.303176727294922,
            -9.600111708274255
        ]
    },
    "observation.state": {
        "min": [
            -35.5066032409668,
            -96.8153076171875,
            -32.29362487792969,
            -64.0954818725586,
            -4.841292858123779,
            -40.577388763427734,
            -20.38161277770996
        ],
        "max": [
            36.97099304199219,
            -0.010928303003311157,
            -2.8086283206939697,
            22.851408004760742,
            14.021230697631836,
            13.540385246276855,
            -9.190866470336914
        ],
        "mean": [
            4.778103828430176,
            -44.88893508911133,
            -14.726922035217285,
            -16.05394744873047,
            7.033879280090332,
            -2.232384443283081,
            -11.828788757324219
        ],
        "std": [
            23.050098419189453,
            37.97701644897461,
            10.529282569885254,
            23.44256019592285,
            4.482151508331299,
            9.319099426269531,
            3.125297784805298
        ],
        "count": [
            871
        ],
        "q01": [
            -35.315355028424946,
            -96.8153076171875,
            -32.15970359802246,
            -63.64839977264404,
            -4.773934886455536,
            -39.38993732452393,
            -20.38161277770996
        ],
        "q10": [
            -34.83908462524414,
            -92.18612136840821,
            -31.33182487487793,
            -45.19149055480957,
            0.9721621259053548,
            -8.733407020568848,
            -19.638323974609374
        ],
        "q50": [
            8.981177341790847,
            -58.87283229827881,
            -12.90871286392212,
            -22.443574905395508,
            9.01794719696045,
            -1.4771759536240128,
            -10.894937634468079
        ],
        "q90": [
            33.54860305786133,
            -0.01825999976500221,
            -2.8119844466253046,
            16.50900159563337,
            12.44790859222412,
            7.359055709838867,
            -9.67010339164734
        ],
        "q99": [
            36.29391098022461,
            -0.011661472679480266,
            -2.808963933287103,
            21.262801780700684,
            13.256507148742676,
            12.623523788452149,
            -9.193032621807522
        ]
    },
    "timestamp": {
        "min": [
            0.0
        ],
        "max": [
            29.0
        ],
        "mean": [
            14.5
        ],
        "std": [
            8.38119588390848
        ],
        "count": [
            871
        ],
        "q01": [
            0.2651179999018284
        ],
        "q10": [
            2.900579999920004
        ],
        "q50": [
            14.50290000000002
        ],
        "q90": [
            26.09942000008
        ],
        "q99": [
            28.734882000098175
        ]
    },
    "frame_index": {
        "min": [
            0
        ],
        "max": [
            870
        ],
        "mean": [
            435.0
        ],
        "std": [
            251.4358765172544
        ],
        "count": [
            871
        ],
        "q01": [
            7.953539999901828
        ],
        "q10": [
            87.01739999992002
        ],
        "q50": [
            434.913
        ],
        "q90": [
            782.98260000008
        ],
        "q99": [
            862.0464600000983
        ]
    },
    "episode_index": {
        "min": [
            0
        ],
        "max": [
            0
        ],
        "mean": [
            0.0
        ],
        "std": [
            0.0
        ],
        "count": [
            871
        ],
        "q01": [
            3.9999999999994176e-16
        ],
        "q10": [
            3.999999999999417e-15
        ],
        "q50": [
            1.9999999999997088e-14
        ],
        "q90": [
            3.599999999999476e-14
        ],
        "q99": [
            3.9599999999994235e-14
        ]
    },
    "index": {
        "min": [
            0
        ],
        "max": [
            870
        ],
        "mean": [
            435.0
        ],
        "std": [
            251.4358765172544
        ],
        "count": [
            871
        ],
        "q01": [
            7.953539999901828
        ],
        "q10": [
            87.01739999992002
        ],
        "q50": [
            434.913
        ],
        "q90": [
            782.98260000008
        ],
        "q99": [
            862.0464600000983
        ]
    },
    "task_index": {
        "min": [
            0
        ],
        "max": [
            0
        ],
        "mean": [
            0.0
        ],
        "std": [
            0.0
        ],
        "count": [
            871
        ],
        "q01": [
            3.9999999999994176e-16
        ],
        "q10": [
            3.999999999999417e-15
        ],
        "q50": [
            1.9999999999997088e-14
        ],
        "q90": [
            3.599999999999476e-14
        ],
        "q99": [
            3.9599999999994235e-14
        ]
    }
}